{
  "name": "rolltable-buttons",
  "title": "RollTable Buttons",
  "description": "This module adds buttons for rolling from rollable tables",
  "version": "0.3.1",
  "author": "RaySSharma",
  "scripts": ["./scripts/RTB.js"],
  "systems": ["dnd5e"],
  "languages": [{
      "lang": "en",
      "name": "English",
      "path": "lang/en.json"
  }],
  "styles": ["./css/rolltable-buttons.css"],
  "packs": [],
  "minimumCoreVersion": "0.4.4",
  "url": "https://github.com/RaySSharma/foundry-modules/tree/master/rolltable-buttons",
  "manifest": "https://raw.githubusercontent.com/RaySSharma/foundry-modules/master/rolltable-buttons/rolltable-buttons/module.json",
  "download": "https://github.com/RaySSharma/foundry-modules/raw/master/rolltable-buttons/rolltable-buttons.zip"
}
